Plik;Czas[s];Sciezka;Koszt
6_1.txt;0.00019998550415039061;[0, 1, 2, 3, 4, 5, 0];132
10.txt;0.004598593711853028;[0, 5, 1, 9, 6, 7, 8, 2, 4, 3, 0];212
12.txt;0.025341296195983888;[0, 10, 3, 5, 7, 9, 11, 2, 6, 4, 8, 1, 0];264
13.txt;0.0579681396484375;[0, 12, 1, 8, 4, 6, 2, 11, 9, 7, 5, 3, 10, 0];269
14.txt;0.14493353366851808;[0, 12, 1, 8, 4, 6, 2, 11, 13, 9, 7, 5, 3, 10, 0];282
15.txt;0.3349849939346313;[0, 12, 1, 14, 8, 4, 6, 2, 11, 13, 9, 7, 5, 3, 10, 0];291
